"","continuationType","coordination","question_order","ask_first","marginal_probability","conditional_probability_me","conditional_probability_nme","workerid","property1","property2","kind"
"1","fakeDefs","np","forward",TRUE,0.59,0.05,0.39,"5ba03c97fe7e21b64b444f44a0d1e631","is a stup-herder","is a fisherman","Krens"
"2","fakeDefs","np","forward",FALSE,0.25,0.39,0.28,"5ba03c97fe7e21b64b444f44a0d1e631","wears a wutsat around its head","wears a krevnor around its head","reesles"
"3","fakeDefs","pp","reverse",FALSE,0.6,0.55,0.73,"5ba03c97fe7e21b64b444f44a0d1e631","builds nests in gluers","builds nests in droops","fengnor mated pairs"
"4","fakeNames","np","reverse",TRUE,0.55,0.37,0.66,"5ba03c97fe7e21b64b444f44a0d1e631","belongs to the Tinno guild","belongs to the Farza guild","basket weavers"
"5","real","np","forward",FALSE,0.41,0,0.6,"5ba03c97fe7e21b64b444f44a0d1e631","has long wings","has short wings","lorches"
"6","fakeNames","np","forward",FALSE,0.6,0,0.89,"5ba03c97fe7e21b64b444f44a0d1e631","lives in cities","lives in the countryside","Ludinos"
"7","fakeNames","pp","reverse",FALSE,0.34,0.38,0.54,"5ba03c97fe7e21b64b444f44a0d1e631","lives on the continent of Caro","lives on the continent of Este","glippets"
"8","real","np","reverse",TRUE,0.67,0,0.67,"5ba03c97fe7e21b64b444f44a0d1e631","has striped fur","has spotted fur","kaples"
"9","real","pp","forward",FALSE,0.38,0,0.66,"5ba03c97fe7e21b64b444f44a0d1e631","hibernates in fallen logs","hibernates in the abandoned burrows of other animals","vimble queens"
"10","real","np","reverse",FALSE,0.6,0,0.31,"5ba03c97fe7e21b64b444f44a0d1e631","produces fruit with bumpy skin","produces fruit with smooth skin","isooms"
"11","fakeDefs","pp","reverse",TRUE,0.67,0.46,0.8,"5ba03c97fe7e21b64b444f44a0d1e631","carries its young in guklags","carries its young in trullets","oller families"
"12","fakeDefs","vp","forward",TRUE,0.43,0.1,0.69,"5ba03c97fe7e21b64b444f44a0d1e631","floods their fields to plant fujusi","burns their fields to plant soroneeks","farmers in the springtime"
"13","fakeDefs","pp","reverse",TRUE,0.57,0.11,0.33,"5ba03c97fe7e21b64b444f44a0d1e631","chews on xorfun","chews on tunkel","kweps"
"14","real","pp","reverse",FALSE,0.41,0,0.63,"5ba03c97fe7e21b64b444f44a0d1e631","has territory at the tops of tall mountains","has territory at the bottom of deep canyons","mooks"
"15","fakeNames","np","reverse",FALSE,1,0,0.97,"e324aa067998fe012a086c2598a290ea","belongs to the Tinno guild","belongs to the Farza guild","basket weavers"
"16","fakeDefs","pp","reverse",TRUE,0.02,0.2,0.96,"e324aa067998fe012a086c2598a290ea","builds nests in gluers","builds nests in droops","fengnor mated pairs"
"17","fakeDefs","pp","forward",FALSE,0.02,0.45,0.5,"e324aa067998fe012a086c2598a290ea","chews on xorfun","chews on tunkel","kweps"
"18","real","np","reverse",TRUE,0.02,0.18,0.24,"e324aa067998fe012a086c2598a290ea","has striped fur","has spotted fur","kaples"
"19","real","pp","forward",FALSE,0.69,0.02,0.48,"e324aa067998fe012a086c2598a290ea","hibernates in fallen logs","hibernates in the abandoned burrows of other animals","vimble queens"
"20","fakeNames","np","reverse",FALSE,0.52,0,0.99,"e324aa067998fe012a086c2598a290ea","lives in cities","lives in the countryside","Ludinos"
"21","real","pp","reverse",FALSE,0.77,0.03,0.01,"e324aa067998fe012a086c2598a290ea","has territory at the tops of tall mountains","has territory at the bottom of deep canyons","mooks"
"22","fakeDefs","np","reverse",TRUE,0.6,0.01,0.49,"e324aa067998fe012a086c2598a290ea","is a stup-herder","is a fisherman","Krens"
"23","fakeDefs","np","forward",TRUE,0.69,0.5,0.02,"e324aa067998fe012a086c2598a290ea","wears a wutsat around its head","wears a krevnor around its head","reesles"
"24","fakeDefs","vp","forward",TRUE,0.69,0.82,0.76,"e324aa067998fe012a086c2598a290ea","floods their fields to plant fujusi","burns their fields to plant soroneeks","farmers in the springtime"
"25","real","np","forward",FALSE,0.02,0,0.72,"e324aa067998fe012a086c2598a290ea","has long wings","has short wings","lorches"
"26","fakeNames","pp","forward",FALSE,0,0.02,0.5,"e324aa067998fe012a086c2598a290ea","lives on the continent of Caro","lives on the continent of Este","glippets"
"27","real","np","forward",TRUE,0.5,0.01,0,"e324aa067998fe012a086c2598a290ea","produces fruit with bumpy skin","produces fruit with smooth skin","isooms"
"28","fakeDefs","pp","reverse",FALSE,1,0.53,0.94,"e324aa067998fe012a086c2598a290ea","carries its young in guklags","carries its young in trullets","oller families"
"29","fakeDefs","np","reverse",FALSE,0.32,0.71,0.02,"65d2ee5cd5c209d4bc7b9184f03cb847","is a stup-herder","is a fisherman","Krens"
"30","real","pp","reverse",FALSE,0.27,0,0.83,"65d2ee5cd5c209d4bc7b9184f03cb847","has territory at the tops of tall mountains","has territory at the bottom of deep canyons","mooks"
"31","real","np","reverse",TRUE,0.51,0,0.71,"65d2ee5cd5c209d4bc7b9184f03cb847","has long wings","has short wings","lorches"
"32","real","np","reverse",FALSE,0.19,0,0.45,"65d2ee5cd5c209d4bc7b9184f03cb847","has striped fur","has spotted fur","kaples"
"33","fakeNames","np","forward",TRUE,0.33,0,0.64,"65d2ee5cd5c209d4bc7b9184f03cb847","belongs to the Tinno guild","belongs to the Farza guild","basket weavers"
"34","fakeDefs","pp","forward",TRUE,0.27,0,0.91,"65d2ee5cd5c209d4bc7b9184f03cb847","builds nests in gluers","builds nests in droops","fengnor mated pairs"
"35","fakeDefs","pp","forward",FALSE,0.41,0,0.81,"65d2ee5cd5c209d4bc7b9184f03cb847","carries its young in guklags","carries its young in trullets","oller families"
"36","real","pp","forward",TRUE,0.37,0,0.52,"65d2ee5cd5c209d4bc7b9184f03cb847","hibernates in fallen logs","hibernates in the abandoned burrows of other animals","vimble queens"
"37","fakeDefs","vp","reverse",TRUE,0.85,0.17,0.33,"65d2ee5cd5c209d4bc7b9184f03cb847","floods their fields to plant fujusi","burns their fields to plant soroneeks","farmers in the springtime"
"38","fakeDefs","pp","forward",FALSE,0.18,0.15,0.08,"65d2ee5cd5c209d4bc7b9184f03cb847","chews on xorfun","chews on tunkel","kweps"
"39","fakeNames","pp","reverse",TRUE,0.34,0.32,0.22,"65d2ee5cd5c209d4bc7b9184f03cb847","lives on the continent of Caro","lives on the continent of Este","glippets"
"40","fakeNames","np","forward",TRUE,0.2,0,0.17,"65d2ee5cd5c209d4bc7b9184f03cb847","ascribes to the Caboo religion","ascribes to the Daith religion","Ludinos"
"41","fakeDefs","np","forward",FALSE,0.3,0,0.25,"65d2ee5cd5c209d4bc7b9184f03cb847","wears a wutsat around its head","wears a krevnor around its head","reesles"
"42","real","np","reverse",TRUE,0.23,0,0.38,"65d2ee5cd5c209d4bc7b9184f03cb847","produces fruit with bumpy skin","produces fruit with smooth skin","isooms"
"43","fakeDefs","np","reverse",FALSE,0.09,0,0.04,"9ca781493b7c852e96a7e5d900dd7d82","is a stup-herder","is a fisherman","Krens"
"44","real","np","reverse",TRUE,0.2,0.05,0.71,"9ca781493b7c852e96a7e5d900dd7d82","produces fruit with bumpy skin","produces fruit with smooth skin","isooms"
"45","real","pp","forward",TRUE,0.36,0.15,0,"9ca781493b7c852e96a7e5d900dd7d82","hibernates in fallen logs","hibernates in the abandoned burrows of other animals","vimble queens"
"46","fakeNames","np","reverse",TRUE,0.4,0.25,0.8,"9ca781493b7c852e96a7e5d900dd7d82","belongs to the Tinno guild","belongs to the Farza guild","basket weavers"
"47","fakeNames","np","reverse",FALSE,0.2,0.81,0.2,"9ca781493b7c852e96a7e5d900dd7d82","lives in cities","lives in the countryside","Ludinos"
"48","fakeDefs","pp","reverse",FALSE,0.25,0.25,0.64,"9ca781493b7c852e96a7e5d900dd7d82","chews on xorfun","chews on tunkel","kweps"
"49","real","np","reverse",FALSE,0.3,0,0.66,"9ca781493b7c852e96a7e5d900dd7d82","has long wings","has short wings","lorches"
"50","real","np","reverse",TRUE,0.05,0.16,0.04,"9ca781493b7c852e96a7e5d900dd7d82","has striped fur","has spotted fur","kaples"
"51","fakeNames","pp","forward",FALSE,0.31,0.3,0.66,"9ca781493b7c852e96a7e5d900dd7d82","lives on the continent of Caro","lives on the continent of Este","glippets"
"52","fakeDefs","pp","reverse",TRUE,1,0.86,0.8,"9ca781493b7c852e96a7e5d900dd7d82","carries its young in guklags","carries its young in trullets","oller families"
"53","fakeDefs","pp","reverse",TRUE,0.79,0.68,0.72,"9ca781493b7c852e96a7e5d900dd7d82","builds nests in gluers","builds nests in droops","fengnor mated pairs"
"54","fakeDefs","vp","reverse",FALSE,0.14,0.15,0.42,"9ca781493b7c852e96a7e5d900dd7d82","floods their fields to plant fujusi","burns their fields to plant soroneeks","farmers in the springtime"
"55","real","pp","reverse",FALSE,0.4,0.23,0.61,"9ca781493b7c852e96a7e5d900dd7d82","has territory at the tops of tall mountains","has territory at the bottom of deep canyons","mooks"
"56","fakeDefs","np","forward",TRUE,0.8,0.68,0.36,"9ca781493b7c852e96a7e5d900dd7d82","wears a wutsat around its head","wears a krevnor around its head","reesles"
"57","fakeDefs","vp","forward",TRUE,0.82,0.02,0.68,"51d5765bbaf7110a7272e09e70c53584","floods their fields to plant fujusi","burns their fields to plant soroneeks","farmers in the springtime"
"58","fakeDefs","np","reverse",TRUE,0.82,0.78,0.04,"51d5765bbaf7110a7272e09e70c53584","wears a wutsat around its head","wears a krevnor around its head","reesles"
"59","fakeDefs","pp","forward",TRUE,0.83,0.68,0.64,"51d5765bbaf7110a7272e09e70c53584","builds nests in gluers","builds nests in droops","fengnor mated pairs"
"60","real","np","reverse",FALSE,0.04,0.82,0.81,"51d5765bbaf7110a7272e09e70c53584","has long wings","has short wings","lorches"
"61","fakeDefs","np","forward",TRUE,0.04,0.04,0.13,"51d5765bbaf7110a7272e09e70c53584","is a stup-herder","is a fisherman","Krens"
"62","fakeDefs","pp","reverse",TRUE,0.11,0.12,0.12,"51d5765bbaf7110a7272e09e70c53584","chews on xorfun","chews on tunkel","kweps"
"63","real","pp","reverse",TRUE,0.49,0.78,0.84,"51d5765bbaf7110a7272e09e70c53584","has territory at the tops of tall mountains","has territory at the bottom of deep canyons","mooks"
"64","real","np","forward",TRUE,0.67,0.63,0.23,"51d5765bbaf7110a7272e09e70c53584","produces fruit with bumpy skin","produces fruit with smooth skin","isooms"
"65","fakeNames","np","forward",FALSE,0.46,0.44,0.87,"51d5765bbaf7110a7272e09e70c53584","lives in cities","lives in the countryside","Ludinos"
"66","real","pp","forward",FALSE,0.7,0.53,0.06,"51d5765bbaf7110a7272e09e70c53584","hibernates in fallen logs","hibernates in the abandoned burrows of other animals","vimble queens"
"67","real","np","reverse",FALSE,0.58,0.4,0.52,"51d5765bbaf7110a7272e09e70c53584","has striped fur","has spotted fur","kaples"
"68","fakeDefs","pp","forward",FALSE,0.73,0.66,0.97,"51d5765bbaf7110a7272e09e70c53584","carries its young in guklags","carries its young in trullets","oller families"
"69","fakeNames","pp","reverse",FALSE,0.64,0.56,0.71,"51d5765bbaf7110a7272e09e70c53584","lives on the continent of Caro","lives on the continent of Este","glippets"
"70","fakeNames","np","reverse",TRUE,0.68,0.7,0.78,"51d5765bbaf7110a7272e09e70c53584","belongs to the Tinno guild","belongs to the Farza guild","basket weavers"
"71","fakeDefs","pp","forward",TRUE,0.42,0.43,0.41,"1520d7af68f74af61e9165734b2e5ef0","builds nests in gluers","builds nests in droops","fengnor mated pairs"
"72","real","np","forward",TRUE,0.51,0.03,0.55,"1520d7af68f74af61e9165734b2e5ef0","has long wings","has short wings","lorches"
"73","real","pp","reverse",FALSE,0.02,0.04,0.02,"1520d7af68f74af61e9165734b2e5ef0","hibernates in fallen logs","hibernates in the abandoned burrows of other animals","vimble queens"
"74","fakeNames","pp","reverse",TRUE,0.13,0.28,0.13,"1520d7af68f74af61e9165734b2e5ef0","lives on the continent of Caro","lives on the continent of Este","glippets"
"75","fakeDefs","np","forward",FALSE,0.02,0.13,0.09,"1520d7af68f74af61e9165734b2e5ef0","is a stup-herder","is a fisherman","Krens"
"76","real","np","reverse",TRUE,0.43,0.02,0.47,"1520d7af68f74af61e9165734b2e5ef0","has striped fur","has spotted fur","kaples"
"77","real","pp","reverse",FALSE,0.45,0.05,0.76,"1520d7af68f74af61e9165734b2e5ef0","has territory at the tops of tall mountains","has territory at the bottom of deep canyons","mooks"
"78","fakeDefs","pp","reverse",TRUE,0.74,0.73,0.08,"1520d7af68f74af61e9165734b2e5ef0","chews on xorfun","chews on tunkel","kweps"
"79","fakeDefs","np","forward",FALSE,0.19,0.16,0.08,"1520d7af68f74af61e9165734b2e5ef0","wears a wutsat around its head","wears a krevnor around its head","reesles"
"80","fakeDefs","vp","reverse",FALSE,0.08,0.77,0.5,"1520d7af68f74af61e9165734b2e5ef0","floods their fields to plant fujusi","burns their fields to plant soroneeks","farmers in the springtime"
"81","fakeDefs","pp","forward",FALSE,0.11,0.15,0.89,"1520d7af68f74af61e9165734b2e5ef0","carries its young in guklags","carries its young in trullets","oller families"
"82","fakeNames","np","reverse",TRUE,0.44,0.75,0.7,"1520d7af68f74af61e9165734b2e5ef0","belongs to the Tinno guild","belongs to the Farza guild","basket weavers"
"83","fakeNames","np","reverse",FALSE,0.13,0.49,0.02,"1520d7af68f74af61e9165734b2e5ef0","lives in cities","lives in the countryside","Ludinos"
"84","real","np","forward",TRUE,0.5,0.47,0.14,"1520d7af68f74af61e9165734b2e5ef0","produces fruit with bumpy skin","produces fruit with smooth skin","isooms"
"85","real","pp","forward",FALSE,0,0,0,"ec01c4c7495bea5802dad54ea38ad910","has territory at the tops of tall mountains","has territory at the bottom of deep canyons","mooks"
"86","fakeDefs","pp","reverse",FALSE,1,1,1,"ec01c4c7495bea5802dad54ea38ad910","carries its young in guklags","carries its young in trullets","oller families"
"87","fakeDefs","vp","reverse",FALSE,0.05,0,0.85,"ec01c4c7495bea5802dad54ea38ad910","floods their fields to plant fujusi","burns their fields to plant soroneeks","farmers in the springtime"
"88","fakeDefs","pp","reverse",FALSE,0,0,0,"ec01c4c7495bea5802dad54ea38ad910","chews on xorfun","chews on tunkel","kweps"
"89","fakeNames","np","reverse",FALSE,1,0.89,1,"ec01c4c7495bea5802dad54ea38ad910","belongs to the Tinno guild","belongs to the Farza guild","basket weavers"
"90","fakeNames","pp","forward",TRUE,0.49,0,0.5,"ec01c4c7495bea5802dad54ea38ad910","lives on the continent of Caro","lives on the continent of Este","glippets"
"91","fakeDefs","np","forward",TRUE,0.8,0,0.5,"ec01c4c7495bea5802dad54ea38ad910","is a stup-herder","is a fisherman","Krens"
"92","real","np","forward",TRUE,0.7,0.5,0.5,"ec01c4c7495bea5802dad54ea38ad910","has striped fur","has spotted fur","kaples"
"93","real","pp","forward",FALSE,0.5,0.5,0.5,"ec01c4c7495bea5802dad54ea38ad910","hibernates in fallen logs","hibernates in the abandoned burrows of other animals","vimble queens"
"94","fakeDefs","pp","reverse",FALSE,0.5,0.5,0.5,"ec01c4c7495bea5802dad54ea38ad910","builds nests in gluers","builds nests in droops","fengnor mated pairs"
"95","real","np","reverse",FALSE,0.5,0.5,0.5,"ec01c4c7495bea5802dad54ea38ad910","has long wings","has short wings","lorches"
"96","fakeNames","np","reverse",TRUE,0.64,0.5,0.75,"ec01c4c7495bea5802dad54ea38ad910","lives in cities","lives in the countryside","Ludinos"
"97","fakeDefs","np","forward",FALSE,0.9,0.5,0,"ec01c4c7495bea5802dad54ea38ad910","wears a wutsat around its head","wears a krevnor around its head","reesles"
"98","real","np","forward",TRUE,0.5,0.5,0.5,"ec01c4c7495bea5802dad54ea38ad910","produces fruit with bumpy skin","produces fruit with smooth skin","isooms"
"99","fakeDefs","vp","reverse",TRUE,0.87,0.5,0.45,"3aa42e4118d797a7ac57b2cb6c232684","floods their fields to plant fujusi","burns their fields to plant soroneeks","farmers in the springtime"
"100","fakeDefs","pp","forward",FALSE,0.53,0.53,0.48,"3aa42e4118d797a7ac57b2cb6c232684","builds nests in gluers","builds nests in droops","fengnor mated pairs"
"101","real","pp","reverse",TRUE,0.65,0.33,0.37,"3aa42e4118d797a7ac57b2cb6c232684","has territory at the tops of tall mountains","has territory at the bottom of deep canyons","mooks"
"102","real","np","reverse",FALSE,0.51,0.4,0.48,"3aa42e4118d797a7ac57b2cb6c232684","has striped fur","has spotted fur","kaples"
"103","fakeNames","np","reverse",FALSE,0.37,0.32,0.43,"3aa42e4118d797a7ac57b2cb6c232684","ascribes to the Caboo religion","ascribes to the Daith religion","Ludinos"
"104","fakeDefs","pp","reverse",TRUE,0.35,0.37,0.36,"3aa42e4118d797a7ac57b2cb6c232684","chews on xorfun","chews on tunkel","kweps"
"105","fakeDefs","np","forward",TRUE,0.42,0.38,0.38,"3aa42e4118d797a7ac57b2cb6c232684","wears a wutsat around its head","wears a krevnor around its head","reesles"
"106","fakeDefs","np","forward",TRUE,0.45,0,0.46,"3aa42e4118d797a7ac57b2cb6c232684","is a stup-herder","is a fisherman","Krens"
"107","real","np","forward",FALSE,0.44,0,0.47,"3aa42e4118d797a7ac57b2cb6c232684","has long wings","has short wings","lorches"
"108","real","np","forward",FALSE,0.5,0,0.64,"3aa42e4118d797a7ac57b2cb6c232684","produces fruit with bumpy skin","produces fruit with smooth skin","isooms"
"109","real","pp","forward",FALSE,0.5,0.01,0.47,"3aa42e4118d797a7ac57b2cb6c232684","hibernates in fallen logs","hibernates in the abandoned burrows of other animals","vimble queens"
"110","fakeDefs","pp","forward",TRUE,0.37,0.22,0.87,"3aa42e4118d797a7ac57b2cb6c232684","carries its young in guklags","carries its young in trullets","oller families"
"111","fakeNames","np","forward",FALSE,0.57,0,0.51,"3aa42e4118d797a7ac57b2cb6c232684","belongs to the Tinno guild","belongs to the Farza guild","basket weavers"
"112","fakeNames","pp","reverse",TRUE,0.38,0.55,0.48,"3aa42e4118d797a7ac57b2cb6c232684","lives on the continent of Caro","lives on the continent of Este","glippets"
"113","fakeDefs","pp","reverse",TRUE,0.15,0.79,1,"3189d434120fb90912a383536436a840","carries its young in guklags","carries its young in trullets","oller families"
"114","fakeNames","np","forward",FALSE,0.67,0.99,0.51,"3189d434120fb90912a383536436a840","lives in cities","lives in the countryside","Ludinos"
"115","fakeNames","pp","forward",TRUE,0.85,0.65,0.94,"3189d434120fb90912a383536436a840","lives on the continent of Caro","lives on the continent of Este","glippets"
"116","real","np","forward",TRUE,0.02,0.04,0.03,"3189d434120fb90912a383536436a840","produces fruit with bumpy skin","produces fruit with smooth skin","isooms"
"117","real","pp","reverse",TRUE,0.88,0.1,0.94,"3189d434120fb90912a383536436a840","has territory at the tops of tall mountains","has territory at the bottom of deep canyons","mooks"
"118","fakeNames","np","forward",TRUE,0.16,0.76,0.88,"3189d434120fb90912a383536436a840","belongs to the Tinno guild","belongs to the Farza guild","basket weavers"
"119","fakeDefs","pp","forward",FALSE,0.09,0.02,0.88,"3189d434120fb90912a383536436a840","chews on xorfun","chews on tunkel","kweps"
"120","fakeDefs","vp","reverse",FALSE,0.7,0.84,0.04,"3189d434120fb90912a383536436a840","floods their fields to plant fujusi","burns their fields to plant soroneeks","farmers in the springtime"
"121","real","np","forward",FALSE,0.46,0,0.92,"3189d434120fb90912a383536436a840","has long wings","has short wings","lorches"
"122","fakeDefs","np","reverse",TRUE,0.76,0.86,0.69,"3189d434120fb90912a383536436a840","is a stup-herder","is a fisherman","Krens"
"123","real","np","forward",FALSE,0.08,0,0.77,"3189d434120fb90912a383536436a840","has striped fur","has spotted fur","kaples"
"124","fakeDefs","np","forward",TRUE,0.7,0.98,0.77,"3189d434120fb90912a383536436a840","wears a wutsat around its head","wears a krevnor around its head","reesles"
"125","real","pp","reverse",FALSE,0.15,0.94,0.77,"3189d434120fb90912a383536436a840","hibernates in fallen logs","hibernates in the abandoned burrows of other animals","vimble queens"
"126","fakeDefs","pp","reverse",TRUE,0.85,0.15,0.5,"e74437af83674fe2c0d2525d0843a53a","carries its young in guklags","carries its young in trullets","oller families"
"127","fakeDefs","pp","reverse",TRUE,0.36,0.85,0.75,"e74437af83674fe2c0d2525d0843a53a","builds nests in gluers","builds nests in droops","fengnor mated pairs"
"128","fakeDefs","np","forward",TRUE,0.55,0,0.6,"e74437af83674fe2c0d2525d0843a53a","is a stup-herder","is a fisherman","Krens"
"129","fakeNames","pp","forward",FALSE,0.2,0.2,0.4,"e74437af83674fe2c0d2525d0843a53a","lives on the continent of Caro","lives on the continent of Este","glippets"
"130","real","pp","forward",FALSE,0.09,0,0.03,"e74437af83674fe2c0d2525d0843a53a","has territory at the tops of tall mountains","has territory at the bottom of deep canyons","mooks"
"131","real","pp","reverse",TRUE,0.3,0.2,0,"e74437af83674fe2c0d2525d0843a53a","hibernates in fallen logs","hibernates in the abandoned burrows of other animals","vimble queens"
"132","fakeNames","np","forward",FALSE,0.1,0,0.25,"e74437af83674fe2c0d2525d0843a53a","belongs to the Tinno guild","belongs to the Farza guild","basket weavers"
"133","fakeDefs","vp","reverse",FALSE,0.15,0,0.45,"e74437af83674fe2c0d2525d0843a53a","floods their fields to plant fujusi","burns their fields to plant soroneeks","farmers in the springtime"
"134","fakeNames","np","reverse",TRUE,0.05,0,0.95,"e74437af83674fe2c0d2525d0843a53a","lives in cities","lives in the countryside","Ludinos"
"135","fakeDefs","np","reverse",FALSE,0.4,0,0.05,"e74437af83674fe2c0d2525d0843a53a","wears a wutsat around its head","wears a krevnor around its head","reesles"
"136","real","np","reverse",TRUE,0.25,0,0.1,"e74437af83674fe2c0d2525d0843a53a","has striped fur","has spotted fur","kaples"
"137","real","np","forward",FALSE,0.8,0.02,0.02,"e74437af83674fe2c0d2525d0843a53a","produces fruit with bumpy skin","produces fruit with smooth skin","isooms"
"138","real","np","reverse",FALSE,0.7,0,0.8,"e74437af83674fe2c0d2525d0843a53a","has long wings","has short wings","lorches"
"139","fakeDefs","pp","reverse",TRUE,0.25,0.05,0.15,"e74437af83674fe2c0d2525d0843a53a","chews on xorfun","chews on tunkel","kweps"
"140","fakeDefs","np","forward",TRUE,0.67,0.3,0,"1a123089d5399c3135c6b039ce1c953d","wears a wutsat around its head","wears a krevnor around its head","reesles"
"141","real","pp","reverse",FALSE,0.24,0.42,0.21,"1a123089d5399c3135c6b039ce1c953d","hibernates in fallen logs","hibernates in the abandoned burrows of other animals","vimble queens"
"142","fakeDefs","vp","forward",TRUE,0.57,0,0.53,"1a123089d5399c3135c6b039ce1c953d","floods their fields to plant fujusi","burns their fields to plant soroneeks","farmers in the springtime"
"143","fakeDefs","pp","forward",TRUE,0.3,0.17,0,"1a123089d5399c3135c6b039ce1c953d","chews on xorfun","chews on tunkel","kweps"
"144","fakeNames","pp","reverse",FALSE,0.37,0,0.17,"1a123089d5399c3135c6b039ce1c953d","lives on the continent of Caro","lives on the continent of Este","glippets"
"145","real","np","forward",TRUE,0.13,0.27,0.61,"1a123089d5399c3135c6b039ce1c953d","has striped fur","has spotted fur","kaples"
"146","fakeNames","np","forward",FALSE,0.73,0.59,0.29,"1a123089d5399c3135c6b039ce1c953d","belongs to the Tinno guild","belongs to the Farza guild","basket weavers"
"147","fakeDefs","np","reverse",FALSE,0.27,0.63,0.28,"1a123089d5399c3135c6b039ce1c953d","is a stup-herder","is a fisherman","Krens"
"148","fakeNames","np","forward",FALSE,0.2,0,0.51,"1a123089d5399c3135c6b039ce1c953d","ascribes to the Caboo religion","ascribes to the Daith religion","Ludinos"
"149","real","np","reverse",TRUE,0.5,0.78,0.24,"1a123089d5399c3135c6b039ce1c953d","produces fruit with bumpy skin","produces fruit with smooth skin","isooms"
"150","real","pp","reverse",FALSE,0.27,0.48,0.01,"1a123089d5399c3135c6b039ce1c953d","has territory at the tops of tall mountains","has territory at the bottom of deep canyons","mooks"
"151","real","np","reverse",FALSE,0.2,0.01,0.5,"1a123089d5399c3135c6b039ce1c953d","has long wings","has short wings","lorches"
"152","fakeDefs","pp","reverse",FALSE,0.24,0.18,0.49,"1a123089d5399c3135c6b039ce1c953d","carries its young in guklags","carries its young in trullets","oller families"
"153","fakeDefs","pp","forward",FALSE,0.63,0.44,0.24,"1a123089d5399c3135c6b039ce1c953d","builds nests in gluers","builds nests in droops","fengnor mated pairs"
"154","fakeDefs","pp","forward",TRUE,0.43,0.28,0.58,"76038c3da2bbb925fd04adca8527ae14","builds nests in gluers","builds nests in droops","fengnor mated pairs"
"155","fakeNames","np","forward",TRUE,0.62,0.4,0.71,"76038c3da2bbb925fd04adca8527ae14","belongs to the Tinno guild","belongs to the Farza guild","basket weavers"
"156","fakeDefs","vp","reverse",TRUE,0.75,0.75,0.56,"76038c3da2bbb925fd04adca8527ae14","floods their fields to plant fujusi","burns their fields to plant soroneeks","farmers in the springtime"
"157","real","pp","reverse",TRUE,0.77,0.48,0.64,"76038c3da2bbb925fd04adca8527ae14","has territory at the tops of tall mountains","has territory at the bottom of deep canyons","mooks"
"158","fakeNames","pp","forward",TRUE,0.49,0.62,0.84,"76038c3da2bbb925fd04adca8527ae14","lives on the continent of Caro","lives on the continent of Este","glippets"
"159","fakeDefs","pp","forward",TRUE,0.78,0.74,0.9,"76038c3da2bbb925fd04adca8527ae14","chews on xorfun","chews on tunkel","kweps"
"160","fakeDefs","pp","reverse",TRUE,0.64,0.85,0.72,"76038c3da2bbb925fd04adca8527ae14","carries its young in guklags","carries its young in trullets","oller families"
"161","real","np","forward",FALSE,0.49,0.62,0.79,"76038c3da2bbb925fd04adca8527ae14","has long wings","has short wings","lorches"
"162","fakeDefs","np","reverse",TRUE,0.42,0,0.47,"76038c3da2bbb925fd04adca8527ae14","is a stup-herder","is a fisherman","Krens"
"163","real","np","reverse",TRUE,0.77,0.55,0.63,"76038c3da2bbb925fd04adca8527ae14","produces fruit with bumpy skin","produces fruit with smooth skin","isooms"
"164","fakeNames","np","reverse",TRUE,0.4,0.48,0,"76038c3da2bbb925fd04adca8527ae14","lives in cities","lives in the countryside","Ludinos"
"165","real","pp","reverse",FALSE,0.66,0.6,0.39,"76038c3da2bbb925fd04adca8527ae14","hibernates in fallen logs","hibernates in the abandoned burrows of other animals","vimble queens"
"166","fakeDefs","np","forward",FALSE,0.15,0.37,0.51,"76038c3da2bbb925fd04adca8527ae14","wears a wutsat around its head","wears a krevnor around its head","reesles"
"167","real","np","forward",FALSE,0.53,0.58,0.38,"76038c3da2bbb925fd04adca8527ae14","has striped fur","has spotted fur","kaples"
"168","real","pp","reverse",FALSE,0.66,0.21,0.27,"bc6836a143bef335050e67c556a521f3","hibernates in fallen logs","hibernates in the abandoned burrows of other animals","vimble queens"
"169","real","np","reverse",TRUE,0.34,0.56,0.56,"bc6836a143bef335050e67c556a521f3","has long wings","has short wings","lorches"
"170","real","np","forward",FALSE,0.39,0.16,0.38,"bc6836a143bef335050e67c556a521f3","produces fruit with bumpy skin","produces fruit with smooth skin","isooms"
"171","fakeNames","np","reverse",TRUE,0.33,0.04,0.39,"bc6836a143bef335050e67c556a521f3","ascribes to the Caboo religion","ascribes to the Daith religion","Ludinos"
"172","fakeNames","pp","reverse",FALSE,0.21,0,0.58,"bc6836a143bef335050e67c556a521f3","lives on the continent of Caro","lives on the continent of Este","glippets"
"173","fakeDefs","pp","reverse",FALSE,0.19,0.05,0.62,"bc6836a143bef335050e67c556a521f3","builds nests in gluers","builds nests in droops","fengnor mated pairs"
"174","real","np","forward",TRUE,0.28,0.07,0.62,"bc6836a143bef335050e67c556a521f3","has striped fur","has spotted fur","kaples"
"175","fakeDefs","vp","reverse",TRUE,0.32,0.19,0.33,"bc6836a143bef335050e67c556a521f3","floods their fields to plant fujusi","burns their fields to plant soroneeks","farmers in the springtime"
"176","fakeDefs","np","forward",TRUE,0.33,0.03,0.12,"bc6836a143bef335050e67c556a521f3","wears a wutsat around its head","wears a krevnor around its head","reesles"
"177","real","pp","forward",TRUE,0.57,0.11,0.68,"bc6836a143bef335050e67c556a521f3","has territory at the tops of tall mountains","has territory at the bottom of deep canyons","mooks"
"178","fakeDefs","pp","reverse",TRUE,0.36,0.24,0.59,"bc6836a143bef335050e67c556a521f3","carries its young in guklags","carries its young in trullets","oller families"
"179","fakeDefs","pp","forward",FALSE,0.37,0.15,0.38,"bc6836a143bef335050e67c556a521f3","chews on xorfun","chews on tunkel","kweps"
"180","fakeNames","np","forward",FALSE,0.18,0.14,0.56,"bc6836a143bef335050e67c556a521f3","belongs to the Tinno guild","belongs to the Farza guild","basket weavers"
"181","fakeDefs","np","reverse",TRUE,0.23,0.11,0.66,"bc6836a143bef335050e67c556a521f3","is a stup-herder","is a fisherman","Krens"
"182","real","np","reverse",FALSE,0.5,0,0.5,"dd65b845efaccf270da1019cd0a21c1b","has long wings","has short wings","lorches"
"183","fakeDefs","np","forward",FALSE,0.5,0,0.37,"dd65b845efaccf270da1019cd0a21c1b","wears a wutsat around its head","wears a krevnor around its head","reesles"
"184","real","np","reverse",FALSE,0.5,0,0.5,"dd65b845efaccf270da1019cd0a21c1b","produces fruit with bumpy skin","produces fruit with smooth skin","isooms"
"185","fakeNames","np","reverse",TRUE,0.5,0,0.5,"dd65b845efaccf270da1019cd0a21c1b","lives in cities","lives in the countryside","Ludinos"
"186","fakeDefs","pp","reverse",FALSE,0.5,0.5,0.5,"dd65b845efaccf270da1019cd0a21c1b","chews on xorfun","chews on tunkel","kweps"
"187","fakeNames","pp","reverse",TRUE,0.16,0,0.5,"dd65b845efaccf270da1019cd0a21c1b","lives on the continent of Caro","lives on the continent of Este","glippets"
"188","fakeDefs","pp","reverse",FALSE,0.5,0,0.5,"dd65b845efaccf270da1019cd0a21c1b","builds nests in gluers","builds nests in droops","fengnor mated pairs"
"189","fakeNames","np","reverse",FALSE,0.43,0,0.51,"dd65b845efaccf270da1019cd0a21c1b","belongs to the Tinno guild","belongs to the Farza guild","basket weavers"
"190","fakeDefs","vp","reverse",FALSE,0.5,0.73,0.48,"dd65b845efaccf270da1019cd0a21c1b","floods their fields to plant fujusi","burns their fields to plant soroneeks","farmers in the springtime"
"191","real","np","reverse",TRUE,0.5,0,0.5,"dd65b845efaccf270da1019cd0a21c1b","has striped fur","has spotted fur","kaples"
"192","fakeDefs","np","reverse",FALSE,0.49,0,0.5,"dd65b845efaccf270da1019cd0a21c1b","is a stup-herder","is a fisherman","Krens"
"193","real","pp","forward",TRUE,0.5,0,0.51,"dd65b845efaccf270da1019cd0a21c1b","hibernates in fallen logs","hibernates in the abandoned burrows of other animals","vimble queens"
"194","real","pp","forward",FALSE,0.5,0,0.72,"dd65b845efaccf270da1019cd0a21c1b","has territory at the tops of tall mountains","has territory at the bottom of deep canyons","mooks"
"195","fakeDefs","pp","reverse",FALSE,0.47,0,0.71,"dd65b845efaccf270da1019cd0a21c1b","carries its young in guklags","carries its young in trullets","oller families"
"196","fakeNames","pp","forward",FALSE,0.93,0.5,0.49,"a1d0744f084b6d74e9e8309a9efd1b04","lives on the continent of Caro","lives on the continent of Este","glippets"
"197","fakeNames","np","reverse",FALSE,0.3,0.1,0.25,"a1d0744f084b6d74e9e8309a9efd1b04","belongs to the Tinno guild","belongs to the Farza guild","basket weavers"
"198","real","pp","forward",TRUE,0.9,0.45,0.2,"a1d0744f084b6d74e9e8309a9efd1b04","hibernates in fallen logs","hibernates in the abandoned burrows of other animals","vimble queens"
"199","fakeDefs","pp","reverse",FALSE,0.35,0.5,0.75,"a1d0744f084b6d74e9e8309a9efd1b04","carries its young in guklags","carries its young in trullets","oller families"
"200","fakeDefs","vp","forward",FALSE,0.2,0.35,0.8,"a1d0744f084b6d74e9e8309a9efd1b04","floods their fields to plant fujusi","burns their fields to plant soroneeks","farmers in the springtime"
"201","fakeDefs","np","reverse",TRUE,0.13,0.11,0.3,"a1d0744f084b6d74e9e8309a9efd1b04","wears a wutsat around its head","wears a krevnor around its head","reesles"
"202","fakeDefs","pp","forward",TRUE,0.4,0.5,0.6,"a1d0744f084b6d74e9e8309a9efd1b04","builds nests in gluers","builds nests in droops","fengnor mated pairs"
"203","real","np","forward",FALSE,0.6,0.31,0.21,"a1d0744f084b6d74e9e8309a9efd1b04","has striped fur","has spotted fur","kaples"
"204","fakeDefs","np","reverse",FALSE,0.09,0.37,0.29,"a1d0744f084b6d74e9e8309a9efd1b04","is a stup-herder","is a fisherman","Krens"
"205","real","np","reverse",TRUE,0.51,0.44,0.69,"a1d0744f084b6d74e9e8309a9efd1b04","has long wings","has short wings","lorches"
"206","real","np","reverse",TRUE,0.7,0.58,0.43,"a1d0744f084b6d74e9e8309a9efd1b04","produces fruit with bumpy skin","produces fruit with smooth skin","isooms"
"207","fakeDefs","pp","reverse",FALSE,0.76,0.36,0.33,"a1d0744f084b6d74e9e8309a9efd1b04","chews on xorfun","chews on tunkel","kweps"
"208","real","pp","reverse",FALSE,0.55,0.66,0.91,"a1d0744f084b6d74e9e8309a9efd1b04","has territory at the tops of tall mountains","has territory at the bottom of deep canyons","mooks"
"209","fakeDefs","np","reverse",FALSE,0.02,0.26,0.09,"ecccafc1640110d244f85eb5c881d768","wears a wutsat around its head","wears a krevnor around its head","reesles"
"210","real","np","reverse",TRUE,0.26,0.06,0.5,"ecccafc1640110d244f85eb5c881d768","has long wings","has short wings","lorches"
"211","fakeDefs","pp","reverse",TRUE,0.54,0.82,0.84,"ecccafc1640110d244f85eb5c881d768","carries its young in guklags","carries its young in trullets","oller families"
"212","fakeDefs","np","reverse",TRUE,0.3,0.22,0.7,"ecccafc1640110d244f85eb5c881d768","is a stup-herder","is a fisherman","Krens"
"213","real","pp","reverse",TRUE,0.57,0.56,0.33,"ecccafc1640110d244f85eb5c881d768","hibernates in fallen logs","hibernates in the abandoned burrows of other animals","vimble queens"
"214","fakeDefs","vp","forward",TRUE,0.35,0.14,0.83,"ecccafc1640110d244f85eb5c881d768","floods their fields to plant fujusi","burns their fields to plant soroneeks","farmers in the springtime"
"215","real","np","reverse",FALSE,0.59,0.34,0.76,"ecccafc1640110d244f85eb5c881d768","has striped fur","has spotted fur","kaples"
"216","fakeNames","np","forward",TRUE,0.38,0.06,0.62,"ecccafc1640110d244f85eb5c881d768","belongs to the Tinno guild","belongs to the Farza guild","basket weavers"
"217","fakeDefs","pp","reverse",FALSE,0.18,0.69,0.54,"ecccafc1640110d244f85eb5c881d768","chews on xorfun","chews on tunkel","kweps"
"218","fakeNames","pp","reverse",TRUE,0.25,0.03,0.55,"ecccafc1640110d244f85eb5c881d768","lives on the continent of Caro","lives on the continent of Este","glippets"
"219","real","pp","forward",FALSE,0.22,0.03,0.53,"ecccafc1640110d244f85eb5c881d768","has territory at the tops of tall mountains","has territory at the bottom of deep canyons","mooks"
"220","real","np","forward",FALSE,0.75,0.12,0.52,"ecccafc1640110d244f85eb5c881d768","produces fruit with bumpy skin","produces fruit with smooth skin","isooms"
"221","fakeDefs","pp","forward",TRUE,0.54,0.49,0.73,"ecccafc1640110d244f85eb5c881d768","builds nests in gluers","builds nests in droops","fengnor mated pairs"
"222","fakeNames","np","reverse",FALSE,0.54,0.04,0.96,"ecccafc1640110d244f85eb5c881d768","lives in cities","lives in the countryside","Ludinos"
"223","real","np","reverse",FALSE,0.5,0.47,0.47,"9e4a5bfb25c80ba903cc73924e20e9b3","has striped fur","has spotted fur","kaples"
"224","real","pp","forward",FALSE,0.08,0.48,0.7,"9e4a5bfb25c80ba903cc73924e20e9b3","has territory at the tops of tall mountains","has territory at the bottom of deep canyons","mooks"
"225","fakeDefs","vp","reverse",FALSE,0,0.98,0.48,"9e4a5bfb25c80ba903cc73924e20e9b3","floods their fields to plant fujusi","burns their fields to plant soroneeks","farmers in the springtime"
"226","fakeDefs","np","reverse",FALSE,0,0.03,0.51,"9e4a5bfb25c80ba903cc73924e20e9b3","wears a wutsat around its head","wears a krevnor around its head","reesles"
"227","fakeNames","np","forward",TRUE,0.49,0.01,0.99,"9e4a5bfb25c80ba903cc73924e20e9b3","belongs to the Tinno guild","belongs to the Farza guild","basket weavers"
"228","fakeDefs","pp","forward",TRUE,0.5,0.51,0.07,"9e4a5bfb25c80ba903cc73924e20e9b3","chews on xorfun","chews on tunkel","kweps"
"229","real","np","forward",TRUE,0.85,0,0.85,"9e4a5bfb25c80ba903cc73924e20e9b3","has long wings","has short wings","lorches"
"230","fakeDefs","pp","forward",FALSE,0.88,0.5,0.98,"9e4a5bfb25c80ba903cc73924e20e9b3","carries its young in guklags","carries its young in trullets","oller families"
"231","fakeNames","pp","forward",FALSE,0.01,0.47,0.52,"9e4a5bfb25c80ba903cc73924e20e9b3","lives on the continent of Caro","lives on the continent of Este","glippets"
"232","fakeNames","np","forward",TRUE,0.25,0.81,0.89,"9e4a5bfb25c80ba903cc73924e20e9b3","lives in cities","lives in the countryside","Ludinos"
"233","fakeDefs","pp","reverse",TRUE,0.5,0.51,0.77,"9e4a5bfb25c80ba903cc73924e20e9b3","builds nests in gluers","builds nests in droops","fengnor mated pairs"
"234","real","np","forward",FALSE,0.74,0.11,0.01,"9e4a5bfb25c80ba903cc73924e20e9b3","produces fruit with bumpy skin","produces fruit with smooth skin","isooms"
"235","real","pp","forward",FALSE,0.78,0.49,0,"9e4a5bfb25c80ba903cc73924e20e9b3","hibernates in fallen logs","hibernates in the abandoned burrows of other animals","vimble queens"
"236","fakeDefs","np","reverse",FALSE,0.02,0.02,0.5,"9e4a5bfb25c80ba903cc73924e20e9b3","is a stup-herder","is a fisherman","Krens"
"237","fakeDefs","pp","forward",FALSE,0,1,0.5,"dc23eb40aab7c0d75342bde0bc9559a4","chews on xorfun","chews on tunkel","kweps"
"238","fakeNames","np","reverse",TRUE,0.5,0.5,0.5,"dc23eb40aab7c0d75342bde0bc9559a4","ascribes to the Caboo religion","ascribes to the Daith religion","Ludinos"
"239","fakeNames","pp","forward",TRUE,0.25,0,0.5,"dc23eb40aab7c0d75342bde0bc9559a4","lives on the continent of Caro","lives on the continent of Este","glippets"
"240","real","np","forward",FALSE,0,0,0.75,"dc23eb40aab7c0d75342bde0bc9559a4","has long wings","has short wings","lorches"
"241","fakeDefs","np","reverse",FALSE,0,0,0,"dc23eb40aab7c0d75342bde0bc9559a4","is a stup-herder","is a fisherman","Krens"
"242","real","np","forward",TRUE,0.8,0,0.5,"dc23eb40aab7c0d75342bde0bc9559a4","has striped fur","has spotted fur","kaples"
"243","real","np","forward",FALSE,0.5,0,0.5,"dc23eb40aab7c0d75342bde0bc9559a4","produces fruit with bumpy skin","produces fruit with smooth skin","isooms"
"244","real","pp","reverse",FALSE,0.85,0,0.5,"dc23eb40aab7c0d75342bde0bc9559a4","has territory at the tops of tall mountains","has territory at the bottom of deep canyons","mooks"
"245","fakeDefs","pp","reverse",FALSE,1,0,0.85,"dc23eb40aab7c0d75342bde0bc9559a4","carries its young in guklags","carries its young in trullets","oller families"
"246","fakeDefs","pp","forward",TRUE,0.5,0,0.85,"dc23eb40aab7c0d75342bde0bc9559a4","builds nests in gluers","builds nests in droops","fengnor mated pairs"
"247","real","pp","reverse",FALSE,0.5,0,0,"dc23eb40aab7c0d75342bde0bc9559a4","hibernates in fallen logs","hibernates in the abandoned burrows of other animals","vimble queens"
"248","fakeNames","np","reverse",TRUE,0.5,0,0.5,"dc23eb40aab7c0d75342bde0bc9559a4","belongs to the Tinno guild","belongs to the Farza guild","basket weavers"
"249","fakeDefs","vp","forward",FALSE,0.5,0.02,0.5,"dc23eb40aab7c0d75342bde0bc9559a4","floods their fields to plant fujusi","burns their fields to plant soroneeks","farmers in the springtime"
"250","fakeDefs","np","forward",FALSE,0.5,0,0.5,"dc23eb40aab7c0d75342bde0bc9559a4","wears a wutsat around its head","wears a krevnor around its head","reesles"
"251","fakeDefs","vp","forward",TRUE,0.51,0.1,0.9,"ad986d1d219e191020002d5679f064ef","floods their fields to plant fujusi","burns their fields to plant soroneeks","farmers in the springtime"
"252","fakeNames","np","forward",FALSE,0.2,0.35,0.85,"ad986d1d219e191020002d5679f064ef","belongs to the Tinno guild","belongs to the Farza guild","basket weavers"
"253","fakeDefs","pp","reverse",TRUE,0.95,0.9,0.31,"ad986d1d219e191020002d5679f064ef","builds nests in gluers","builds nests in droops","fengnor mated pairs"
"254","fakeDefs","np","forward",TRUE,0.25,0,0.5,"ad986d1d219e191020002d5679f064ef","is a stup-herder","is a fisherman","Krens"
"255","fakeDefs","pp","forward",FALSE,0.9,0.5,1,"ad986d1d219e191020002d5679f064ef","carries its young in guklags","carries its young in trullets","oller families"
"256","fakeNames","np","reverse",TRUE,0.84,0,0.51,"ad986d1d219e191020002d5679f064ef","ascribes to the Caboo religion","ascribes to the Daith religion","Ludinos"
"257","fakeNames","pp","reverse",FALSE,0,0.52,0.51,"ad986d1d219e191020002d5679f064ef","lives on the continent of Caro","lives on the continent of Este","glippets"
"258","fakeDefs","np","forward",TRUE,0.48,0.47,0,"ad986d1d219e191020002d5679f064ef","wears a wutsat around its head","wears a krevnor around its head","reesles"
"259","real","np","reverse",TRUE,0.5,0.25,0.52,"ad986d1d219e191020002d5679f064ef","produces fruit with bumpy skin","produces fruit with smooth skin","isooms"
"260","real","np","forward",TRUE,0.87,0,0.51,"ad986d1d219e191020002d5679f064ef","has striped fur","has spotted fur","kaples"
"261","fakeDefs","pp","forward",TRUE,0.48,0.5,0.34,"ad986d1d219e191020002d5679f064ef","chews on xorfun","chews on tunkel","kweps"
"262","real","pp","forward",FALSE,0.5,0,0.05,"ad986d1d219e191020002d5679f064ef","hibernates in fallen logs","hibernates in the abandoned burrows of other animals","vimble queens"
"263","real","pp","forward",FALSE,0.5,0,0.52,"ad986d1d219e191020002d5679f064ef","has territory at the tops of tall mountains","has territory at the bottom of deep canyons","mooks"
"264","real","np","forward",FALSE,0.49,0,0.65,"ad986d1d219e191020002d5679f064ef","has long wings","has short wings","lorches"
"265","real","pp","forward",FALSE,0.4,0.3,0,"88ae2f28e57efa472d2258d42bac6f23","hibernates in fallen logs","hibernates in the abandoned burrows of other animals","vimble queens"
"266","fakeDefs","np","reverse",FALSE,0.7,0.3,0,"88ae2f28e57efa472d2258d42bac6f23","wears a wutsat around its head","wears a krevnor around its head","reesles"
"267","real","np","forward",TRUE,0.5,0,0.4,"88ae2f28e57efa472d2258d42bac6f23","has long wings","has short wings","lorches"
"268","fakeDefs","pp","reverse",TRUE,0.7,0.2,0.8,"88ae2f28e57efa472d2258d42bac6f23","carries its young in guklags","carries its young in trullets","oller families"
"269","fakeNames","np","forward",FALSE,0.14,0,0.14,"88ae2f28e57efa472d2258d42bac6f23","ascribes to the Caboo religion","ascribes to the Daith religion","Ludinos"
"270","fakeNames","np","forward",TRUE,0.1,0,0.4,"88ae2f28e57efa472d2258d42bac6f23","belongs to the Tinno guild","belongs to the Farza guild","basket weavers"
"271","fakeDefs","pp","forward",FALSE,0.2,0,0.1,"88ae2f28e57efa472d2258d42bac6f23","chews on xorfun","chews on tunkel","kweps"
"272","fakeDefs","np","forward",TRUE,0.75,0,0.4,"88ae2f28e57efa472d2258d42bac6f23","is a stup-herder","is a fisherman","Krens"
"273","real","np","reverse",FALSE,0.7,0,0.2,"88ae2f28e57efa472d2258d42bac6f23","produces fruit with bumpy skin","produces fruit with smooth skin","isooms"
"274","fakeDefs","pp","forward",TRUE,0,0,0.5,"88ae2f28e57efa472d2258d42bac6f23","builds nests in gluers","builds nests in droops","fengnor mated pairs"
"275","fakeNames","pp","reverse",TRUE,0.14,0,0.15,"88ae2f28e57efa472d2258d42bac6f23","lives on the continent of Caro","lives on the continent of Este","glippets"
"276","real","np","forward",TRUE,0.8,0,0.3,"88ae2f28e57efa472d2258d42bac6f23","has striped fur","has spotted fur","kaples"
"277","real","pp","forward",FALSE,0.4,0,0,"88ae2f28e57efa472d2258d42bac6f23","has territory at the tops of tall mountains","has territory at the bottom of deep canyons","mooks"
"278","fakeDefs","vp","forward",FALSE,0,0,0.6,"88ae2f28e57efa472d2258d42bac6f23","floods their fields to plant fujusi","burns their fields to plant soroneeks","farmers in the springtime"
"279","fakeDefs","pp","reverse",TRUE,0.3,0.45,0.4,"b15b14e3860ff80d26647f92bc0e4e69","builds nests in gluers","builds nests in droops","fengnor mated pairs"
"280","fakeNames","np","forward",FALSE,0.4,0.1,0.25,"b15b14e3860ff80d26647f92bc0e4e69","belongs to the Tinno guild","belongs to the Farza guild","basket weavers"
"281","real","np","reverse",TRUE,0.1,0,0.5,"b15b14e3860ff80d26647f92bc0e4e69","has long wings","has short wings","lorches"
"282","fakeNames","np","forward",TRUE,0.45,0.5,0.15,"b15b14e3860ff80d26647f92bc0e4e69","ascribes to the Caboo religion","ascribes to the Daith religion","Ludinos"
"283","fakeDefs","vp","reverse",FALSE,0.6,0.5,0.5,"b15b14e3860ff80d26647f92bc0e4e69","floods their fields to plant fujusi","burns their fields to plant soroneeks","farmers in the springtime"
"284","real","np","forward",TRUE,0.25,0,0.5,"b15b14e3860ff80d26647f92bc0e4e69","has striped fur","has spotted fur","kaples"
"285","real","pp","reverse",TRUE,0.25,0.39,0.3,"b15b14e3860ff80d26647f92bc0e4e69","hibernates in fallen logs","hibernates in the abandoned burrows of other animals","vimble queens"
"286","fakeNames","pp","forward",FALSE,0.15,0,0.25,"b15b14e3860ff80d26647f92bc0e4e69","lives on the continent of Caro","lives on the continent of Este","glippets"
"287","real","np","reverse",TRUE,0.11,0,0.15,"b15b14e3860ff80d26647f92bc0e4e69","produces fruit with bumpy skin","produces fruit with smooth skin","isooms"
"288","fakeDefs","np","reverse",FALSE,0.8,0,0.15,"b15b14e3860ff80d26647f92bc0e4e69","is a stup-herder","is a fisherman","Krens"
"289","fakeDefs","pp","forward",FALSE,0.1,0.65,0.5,"b15b14e3860ff80d26647f92bc0e4e69","chews on xorfun","chews on tunkel","kweps"
"290","fakeDefs","pp","reverse",TRUE,0.8,0,0.55,"b15b14e3860ff80d26647f92bc0e4e69","carries its young in guklags","carries its young in trullets","oller families"
"291","real","pp","reverse",TRUE,0.75,0,0.67,"b15b14e3860ff80d26647f92bc0e4e69","has territory at the tops of tall mountains","has territory at the bottom of deep canyons","mooks"
"292","fakeDefs","np","forward",FALSE,0.05,0,0.5,"b15b14e3860ff80d26647f92bc0e4e69","wears a wutsat around its head","wears a krevnor around its head","reesles"
"293","fakeDefs","np","forward",FALSE,0.5,0.75,0.5,"1792e7de51e5ee2e18c58654832dd3c6","wears a wutsat around its head","wears a krevnor around its head","reesles"
"294","fakeNames","np","forward",TRUE,0.87,0.85,0.85,"1792e7de51e5ee2e18c58654832dd3c6","ascribes to the Caboo religion","ascribes to the Daith religion","Ludinos"
"295","real","np","reverse",FALSE,0.83,0.78,0.1,"1792e7de51e5ee2e18c58654832dd3c6","produces fruit with bumpy skin","produces fruit with smooth skin","isooms"
"296","fakeDefs","pp","reverse",TRUE,0.93,0.5,0.5,"1792e7de51e5ee2e18c58654832dd3c6","carries its young in guklags","carries its young in trullets","oller families"
"297","real","np","forward",TRUE,0.95,0.06,0.95,"1792e7de51e5ee2e18c58654832dd3c6","has long wings","has short wings","lorches"
"298","fakeNames","np","reverse",FALSE,0.51,0.51,0.94,"1792e7de51e5ee2e18c58654832dd3c6","belongs to the Tinno guild","belongs to the Farza guild","basket weavers"
"299","fakeDefs","vp","reverse",FALSE,0.11,0.98,0.96,"1792e7de51e5ee2e18c58654832dd3c6","floods their fields to plant fujusi","burns their fields to plant soroneeks","farmers in the springtime"
"300","fakeDefs","pp","forward",TRUE,0.15,0.25,0.5,"1792e7de51e5ee2e18c58654832dd3c6","chews on xorfun","chews on tunkel","kweps"
"301","fakeDefs","np","reverse",TRUE,0.93,0.05,0.95,"1792e7de51e5ee2e18c58654832dd3c6","is a stup-herder","is a fisherman","Krens"
"302","real","pp","reverse",TRUE,0.76,0.91,0.49,"1792e7de51e5ee2e18c58654832dd3c6","hibernates in fallen logs","hibernates in the abandoned burrows of other animals","vimble queens"
"303","real","pp","forward",TRUE,0.93,0.06,0.84,"1792e7de51e5ee2e18c58654832dd3c6","has territory at the tops of tall mountains","has territory at the bottom of deep canyons","mooks"
"304","real","np","forward",FALSE,0.9,0.02,0.9,"1792e7de51e5ee2e18c58654832dd3c6","has striped fur","has spotted fur","kaples"
"305","fakeDefs","pp","reverse",FALSE,0.92,0.88,0.55,"1792e7de51e5ee2e18c58654832dd3c6","builds nests in gluers","builds nests in droops","fengnor mated pairs"
"306","fakeNames","pp","reverse",TRUE,0.15,0.51,0.83,"1792e7de51e5ee2e18c58654832dd3c6","lives on the continent of Caro","lives on the continent of Este","glippets"
"307","fakeNames","np","forward",FALSE,0.86,0.5,0.75,"34f80e40ac496c99af53e3e6067cfe8b","belongs to the Tinno guild","belongs to the Farza guild","basket weavers"
"308","real","np","reverse",TRUE,0.5,0.5,0.5,"34f80e40ac496c99af53e3e6067cfe8b","produces fruit with bumpy skin","produces fruit with smooth skin","isooms"
"309","fakeDefs","pp","forward",TRUE,1,0.35,0.99,"34f80e40ac496c99af53e3e6067cfe8b","carries its young in guklags","carries its young in trullets","oller families"
"310","real","np","reverse",FALSE,0.85,0.25,0.85,"34f80e40ac496c99af53e3e6067cfe8b","has long wings","has short wings","lorches"
"311","fakeDefs","np","forward",TRUE,0.25,0.75,0.5,"34f80e40ac496c99af53e3e6067cfe8b","wears a wutsat around its head","wears a krevnor around its head","reesles"
"312","fakeDefs","pp","forward",TRUE,0.65,0.35,0.5,"34f80e40ac496c99af53e3e6067cfe8b","builds nests in gluers","builds nests in droops","fengnor mated pairs"
"313","fakeDefs","vp","forward",FALSE,0.8,0.64,0.8,"34f80e40ac496c99af53e3e6067cfe8b","floods their fields to plant fujusi","burns their fields to plant soroneeks","farmers in the springtime"
"314","fakeDefs","np","forward",FALSE,0.36,0.56,0.51,"34f80e40ac496c99af53e3e6067cfe8b","is a stup-herder","is a fisherman","Krens"
"315","real","pp","reverse",FALSE,0.82,0.67,0.5,"34f80e40ac496c99af53e3e6067cfe8b","hibernates in fallen logs","hibernates in the abandoned burrows of other animals","vimble queens"
"316","fakeNames","np","reverse",FALSE,0.27,0.5,0.51,"34f80e40ac496c99af53e3e6067cfe8b","ascribes to the Caboo religion","ascribes to the Daith religion","Ludinos"
"317","real","pp","forward",FALSE,0.33,0.02,0.8,"34f80e40ac496c99af53e3e6067cfe8b","has territory at the tops of tall mountains","has territory at the bottom of deep canyons","mooks"
"318","fakeNames","pp","reverse",TRUE,0.33,0.27,0.5,"34f80e40ac496c99af53e3e6067cfe8b","lives on the continent of Caro","lives on the continent of Este","glippets"
"319","real","np","forward",TRUE,0.05,1,0.5,"34f80e40ac496c99af53e3e6067cfe8b","has striped fur","has spotted fur","kaples"
"320","fakeDefs","pp","reverse",FALSE,0.6,0.5,0.5,"34f80e40ac496c99af53e3e6067cfe8b","chews on xorfun","chews on tunkel","kweps"
"321","real","np","forward",TRUE,0.5,0.5,0.3,"7832d129ce7e589e7e57c554ff4f0b73","produces fruit with bumpy skin","produces fruit with smooth skin","isooms"
"322","real","pp","reverse",FALSE,0.2,0.05,0.97,"7832d129ce7e589e7e57c554ff4f0b73","has territory at the tops of tall mountains","has territory at the bottom of deep canyons","mooks"
"323","fakeNames","np","forward",TRUE,0.6,0.15,0.5,"7832d129ce7e589e7e57c554ff4f0b73","belongs to the Tinno guild","belongs to the Farza guild","basket weavers"
"324","real","np","forward",FALSE,0.2,0.65,0.75,"7832d129ce7e589e7e57c554ff4f0b73","has long wings","has short wings","lorches"
"325","fakeNames","np","reverse",TRUE,0.2,0.25,0.75,"7832d129ce7e589e7e57c554ff4f0b73","ascribes to the Caboo religion","ascribes to the Daith religion","Ludinos"
"326","real","pp","reverse",FALSE,0.75,0.4,0.9,"7832d129ce7e589e7e57c554ff4f0b73","hibernates in fallen logs","hibernates in the abandoned burrows of other animals","vimble queens"
"327","fakeDefs","pp","forward",TRUE,0.5,0.35,0.95,"7832d129ce7e589e7e57c554ff4f0b73","builds nests in gluers","builds nests in droops","fengnor mated pairs"
"328","real","np","reverse",TRUE,0.8,0.25,0.5,"7832d129ce7e589e7e57c554ff4f0b73","has striped fur","has spotted fur","kaples"
"329","fakeDefs","vp","forward",TRUE,0.2,0.5,0.75,"7832d129ce7e589e7e57c554ff4f0b73","floods their fields to plant fujusi","burns their fields to plant soroneeks","farmers in the springtime"
"330","fakeDefs","np","forward",TRUE,0.8,0.3,0.1,"7832d129ce7e589e7e57c554ff4f0b73","wears a wutsat around its head","wears a krevnor around its head","reesles"
"331","fakeDefs","np","forward",FALSE,0.25,0.75,0.6,"7832d129ce7e589e7e57c554ff4f0b73","is a stup-herder","is a fisherman","Krens"
"332","fakeDefs","pp","reverse",FALSE,0.75,0.75,0.2,"7832d129ce7e589e7e57c554ff4f0b73","chews on xorfun","chews on tunkel","kweps"
"333","fakeNames","pp","forward",TRUE,0.15,0.3,0.51,"7832d129ce7e589e7e57c554ff4f0b73","lives on the continent of Caro","lives on the continent of Este","glippets"
"334","fakeDefs","pp","reverse",FALSE,0.5,0.33,0.95,"7832d129ce7e589e7e57c554ff4f0b73","carries its young in guklags","carries its young in trullets","oller families"
"335","real","np","reverse",FALSE,0.4,0,0.5,"4f9d0f5b05f8506350dfabacf5b16bb2","has striped fur","has spotted fur","kaples"
"336","fakeDefs","pp","forward",TRUE,0,0.2,0.1,"4f9d0f5b05f8506350dfabacf5b16bb2","chews on xorfun","chews on tunkel","kweps"
"337","real","pp","forward",FALSE,0.7,0,0,"4f9d0f5b05f8506350dfabacf5b16bb2","has territory at the tops of tall mountains","has territory at the bottom of deep canyons","mooks"
"338","fakeNames","np","forward",TRUE,0.8,0,0.2,"4f9d0f5b05f8506350dfabacf5b16bb2","ascribes to the Caboo religion","ascribes to the Daith religion","Ludinos"
"339","real","pp","forward",TRUE,0.2,0,0.05,"4f9d0f5b05f8506350dfabacf5b16bb2","hibernates in fallen logs","hibernates in the abandoned burrows of other animals","vimble queens"
"340","fakeDefs","np","forward",FALSE,0.2,0,0,"4f9d0f5b05f8506350dfabacf5b16bb2","wears a wutsat around its head","wears a krevnor around its head","reesles"
"341","fakeDefs","pp","reverse",FALSE,0.45,0,0.8,"4f9d0f5b05f8506350dfabacf5b16bb2","carries its young in guklags","carries its young in trullets","oller families"
"342","fakeDefs","pp","reverse",FALSE,0,0,0.95,"4f9d0f5b05f8506350dfabacf5b16bb2","builds nests in gluers","builds nests in droops","fengnor mated pairs"
"343","real","np","forward",TRUE,0.4,0,0.5,"4f9d0f5b05f8506350dfabacf5b16bb2","has long wings","has short wings","lorches"
"344","real","np","reverse",FALSE,0.7,0,0.45,"4f9d0f5b05f8506350dfabacf5b16bb2","produces fruit with bumpy skin","produces fruit with smooth skin","isooms"
"345","fakeDefs","vp","reverse",TRUE,0,0,0,"4f9d0f5b05f8506350dfabacf5b16bb2","floods their fields to plant fujusi","burns their fields to plant soroneeks","farmers in the springtime"
"346","fakeDefs","np","reverse",FALSE,0,0,0,"4f9d0f5b05f8506350dfabacf5b16bb2","is a stup-herder","is a fisherman","Krens"
"347","fakeNames","np","reverse",TRUE,0.3,0,0.25,"4f9d0f5b05f8506350dfabacf5b16bb2","belongs to the Tinno guild","belongs to the Farza guild","basket weavers"
"348","fakeNames","pp","forward",FALSE,0.15,0,0.2,"4f9d0f5b05f8506350dfabacf5b16bb2","lives on the continent of Caro","lives on the continent of Este","glippets"
"349","fakeDefs","pp","forward",FALSE,0,0.5,0.79,"d93f31576b68b7096451a213148a59d0","carries its young in guklags","carries its young in trullets","oller families"
"350","real","np","reverse",TRUE,0.43,0.51,0.56,"d93f31576b68b7096451a213148a59d0","produces fruit with bumpy skin","produces fruit with smooth skin","isooms"
"351","real","pp","reverse",TRUE,0,0.77,0.29,"d93f31576b68b7096451a213148a59d0","hibernates in fallen logs","hibernates in the abandoned burrows of other animals","vimble queens"
"352","fakeDefs","np","forward",FALSE,0,0.8,0.02,"d93f31576b68b7096451a213148a59d0","wears a wutsat around its head","wears a krevnor around its head","reesles"
"353","real","np","reverse",FALSE,0,0.52,0.37,"d93f31576b68b7096451a213148a59d0","has striped fur","has spotted fur","kaples"
"354","fakeDefs","pp","reverse",TRUE,0.65,0.72,0.71,"d93f31576b68b7096451a213148a59d0","chews on xorfun","chews on tunkel","kweps"
"355","fakeDefs","vp","forward",TRUE,0.51,0.69,0.55,"d93f31576b68b7096451a213148a59d0","floods their fields to plant fujusi","burns their fields to plant soroneeks","farmers in the springtime"
"356","fakeNames","np","forward",TRUE,0.26,0.29,0.19,"d93f31576b68b7096451a213148a59d0","belongs to the Tinno guild","belongs to the Farza guild","basket weavers"
"357","fakeNames","np","forward",TRUE,0.93,0.05,0.48,"d93f31576b68b7096451a213148a59d0","ascribes to the Caboo religion","ascribes to the Daith religion","Ludinos"
"358","real","pp","reverse",FALSE,0.64,0.44,0.24,"d93f31576b68b7096451a213148a59d0","has territory at the tops of tall mountains","has territory at the bottom of deep canyons","mooks"
"359","real","np","reverse",TRUE,0.49,0.3,0.35,"d93f31576b68b7096451a213148a59d0","has long wings","has short wings","lorches"
"360","fakeDefs","pp","forward",TRUE,0.66,0.63,0.83,"d93f31576b68b7096451a213148a59d0","builds nests in gluers","builds nests in droops","fengnor mated pairs"
"361","fakeDefs","np","forward",TRUE,0.77,0.05,0.78,"d93f31576b68b7096451a213148a59d0","is a stup-herder","is a fisherman","Krens"
"362","fakeNames","pp","reverse",TRUE,0.52,0.3,0.65,"d93f31576b68b7096451a213148a59d0","lives on the continent of Caro","lives on the continent of Este","glippets"
